results/compiler/2026-10-06-managed-swap-compact-canonical/program.c:36:memcpy	0	static
results/compiler/2026-10-06-managed-swap-compact-canonical/program.c:48:memset	0	static
results/compiler/2026-10-06-managed-swap-compact-canonical/program.c:12829:entrypoint	960	static
results/compiler/2026-10-06-managed-swap-compact-canonical/program.c:4660:go_Process	3968	static
results/compiler/2026-10-06-managed-swap-compact-canonical/program.c:3305:v292	64	static
results/compiler/2026-10-06-managed-swap-compact-canonical/program.c:3382:v298	128	static
results/compiler/2026-10-06-managed-swap-compact-canonical/program.c:6203:v359	640	static
results/compiler/2026-10-06-managed-swap-compact-canonical/program.c:4328:v340	640	static
results/compiler/2026-10-06-managed-swap-compact-canonical/program.c:3192:v288	64	static
results/compiler/2026-10-06-managed-swap-compact-canonical/program.c:834:v124	0	static
results/compiler/2026-10-06-managed-swap-compact-canonical/program.c:927:v130	0	static
results/compiler/2026-10-06-managed-swap-compact-canonical/program.c:1013:v147	448	static
results/compiler/2026-10-06-managed-swap-compact-canonical/program.c:555:v117	64	static
results/compiler/2026-10-06-managed-swap-compact-canonical/program.c:920:v127	0	static
results/compiler/2026-10-06-managed-swap-compact-canonical/program.c:3529:v324	1344	static
results/compiler/2026-10-06-managed-swap-compact-canonical/program.c:1076:v152	0	static
results/compiler/2026-10-06-managed-swap-compact-canonical/program.c:1237:v165	128	static
results/compiler/2026-10-06-managed-swap-compact-canonical/program.c:1148:v157	0	static
results/compiler/2026-10-06-managed-swap-compact-canonical/program.c:230:sol_Invoke	960	static
results/compiler/2026-10-06-managed-swap-compact-canonical/program.c:9207:v370	640	static
results/compiler/2026-10-06-managed-swap-compact-canonical/program.c:9301:v374	640	static
results/compiler/2026-10-06-managed-swap-compact-canonical/program.c:9395:v378	640	static
results/compiler/2026-10-06-managed-swap-compact-canonical/program.c:3775:v328	1472	static
results/compiler/2026-10-06-managed-swap-compact-canonical/program.c:2079:v224	1408	static
results/compiler/2026-10-06-managed-swap-compact-canonical/program.c:2563:v251	512	static
results/compiler/2026-10-06-managed-swap-compact-canonical/program.c:10955:v384	640	static
results/compiler/2026-10-06-managed-swap-compact-canonical/program.c:12745:v390	640	static
results/compiler/2026-10-06-managed-swap-compact-canonical/program.c:4162:v336	640	static
results/compiler/2026-10-06-managed-swap-compact-canonical/program.c:193:sol_CloseAccount	0	static
results/compiler/2026-10-06-managed-swap-compact-canonical/program.c:2764:v273	1344	static
results/compiler/2026-10-06-managed-swap-compact-canonical/program.c:182:sol_set_data_len	0	static
