results/compiler/2026-10-06-framework-swap-decoder32/program.c:36:memcpy	0	static
results/compiler/2026-10-06-framework-swap-decoder32/program.c:48:memset	0	static
results/compiler/2026-10-06-framework-swap-decoder32/program.c:12834:entrypoint	1856	static
results/compiler/2026-10-06-framework-swap-decoder32/program.c:4665:go_Process	3968	static
results/compiler/2026-10-06-framework-swap-decoder32/program.c:3310:v292	64	static
results/compiler/2026-10-06-framework-swap-decoder32/program.c:3387:v298	128	static
results/compiler/2026-10-06-framework-swap-decoder32/program.c:6208:v359	640	static
results/compiler/2026-10-06-framework-swap-decoder32/program.c:4333:v340	640	static
results/compiler/2026-10-06-framework-swap-decoder32/program.c:3197:v288	64	static
results/compiler/2026-10-06-framework-swap-decoder32/program.c:839:v124	0	static
results/compiler/2026-10-06-framework-swap-decoder32/program.c:932:v130	0	static
results/compiler/2026-10-06-framework-swap-decoder32/program.c:1018:v147	448	static
results/compiler/2026-10-06-framework-swap-decoder32/program.c:560:v117	64	static
results/compiler/2026-10-06-framework-swap-decoder32/program.c:925:v127	0	static
results/compiler/2026-10-06-framework-swap-decoder32/program.c:3534:v324	1344	static
results/compiler/2026-10-06-framework-swap-decoder32/program.c:1081:v152	0	static
results/compiler/2026-10-06-framework-swap-decoder32/program.c:1242:v165	128	static
results/compiler/2026-10-06-framework-swap-decoder32/program.c:1153:v157	0	static
results/compiler/2026-10-06-framework-swap-decoder32/program.c:235:sol_Invoke	960	static
results/compiler/2026-10-06-framework-swap-decoder32/program.c:9212:v370	640	static
results/compiler/2026-10-06-framework-swap-decoder32/program.c:9306:v374	640	static
results/compiler/2026-10-06-framework-swap-decoder32/program.c:9400:v378	640	static
results/compiler/2026-10-06-framework-swap-decoder32/program.c:3780:v328	1472	static
results/compiler/2026-10-06-framework-swap-decoder32/program.c:2084:v224	1408	static
results/compiler/2026-10-06-framework-swap-decoder32/program.c:2568:v251	512	static
results/compiler/2026-10-06-framework-swap-decoder32/program.c:10960:v384	640	static
results/compiler/2026-10-06-framework-swap-decoder32/program.c:12750:v390	640	static
results/compiler/2026-10-06-framework-swap-decoder32/program.c:4167:v336	640	static
results/compiler/2026-10-06-framework-swap-decoder32/program.c:198:sol_CloseAccount	0	static
results/compiler/2026-10-06-framework-swap-decoder32/program.c:2769:v273	1344	static
results/compiler/2026-10-06-framework-swap-decoder32/program.c:187:sol_set_data_len	0	static
