results/compiler/2026-10-06-managed-swap-return-data-final/program.c:36:memcpy	0	static
results/compiler/2026-10-06-managed-swap-return-data-final/program.c:48:memset	0	static
results/compiler/2026-10-06-managed-swap-return-data-final/program.c:12848:entrypoint	1856	static
results/compiler/2026-10-06-managed-swap-return-data-final/program.c:4679:go_Process	3968	static
results/compiler/2026-10-06-managed-swap-return-data-final/program.c:3324:v292	64	static
results/compiler/2026-10-06-managed-swap-return-data-final/program.c:3401:v298	128	static
results/compiler/2026-10-06-managed-swap-return-data-final/program.c:6222:v359	640	static
results/compiler/2026-10-06-managed-swap-return-data-final/program.c:4347:v340	640	static
results/compiler/2026-10-06-managed-swap-return-data-final/program.c:3211:v288	64	static
results/compiler/2026-10-06-managed-swap-return-data-final/program.c:853:v124	0	static
results/compiler/2026-10-06-managed-swap-return-data-final/program.c:946:v130	0	static
results/compiler/2026-10-06-managed-swap-return-data-final/program.c:1032:v147	448	static
results/compiler/2026-10-06-managed-swap-return-data-final/program.c:574:v117	64	static
results/compiler/2026-10-06-managed-swap-return-data-final/program.c:939:v127	0	static
results/compiler/2026-10-06-managed-swap-return-data-final/program.c:3548:v324	1344	static
results/compiler/2026-10-06-managed-swap-return-data-final/program.c:1095:v152	0	static
results/compiler/2026-10-06-managed-swap-return-data-final/program.c:1256:v165	128	static
results/compiler/2026-10-06-managed-swap-return-data-final/program.c:1167:v157	0	static
results/compiler/2026-10-06-managed-swap-return-data-final/program.c:247:sol_Invoke	960	static
results/compiler/2026-10-06-managed-swap-return-data-final/program.c:9226:v370	640	static
results/compiler/2026-10-06-managed-swap-return-data-final/program.c:9320:v374	640	static
results/compiler/2026-10-06-managed-swap-return-data-final/program.c:9414:v378	640	static
results/compiler/2026-10-06-managed-swap-return-data-final/program.c:3794:v328	1472	static
results/compiler/2026-10-06-managed-swap-return-data-final/program.c:2098:v224	1408	static
results/compiler/2026-10-06-managed-swap-return-data-final/program.c:2582:v251	512	static
results/compiler/2026-10-06-managed-swap-return-data-final/program.c:10974:v384	640	static
results/compiler/2026-10-06-managed-swap-return-data-final/program.c:12764:v390	640	static
results/compiler/2026-10-06-managed-swap-return-data-final/program.c:4181:v336	640	static
results/compiler/2026-10-06-managed-swap-return-data-final/program.c:210:sol_CloseAccount	0	static
results/compiler/2026-10-06-managed-swap-return-data-final/program.c:2783:v273	1344	static
results/compiler/2026-10-06-managed-swap-return-data-final/program.c:199:sol_set_data_len	0	static
