results/compiler/2026-10-06-framework-swap-return-data/program.c:36:memcpy	0	static
results/compiler/2026-10-06-framework-swap-return-data/program.c:48:memset	0	static
results/compiler/2026-10-06-framework-swap-return-data/program.c:12846:entrypoint	1856	static
results/compiler/2026-10-06-framework-swap-return-data/program.c:4677:go_Process	3968	static
results/compiler/2026-10-06-framework-swap-return-data/program.c:3322:v292	64	static
results/compiler/2026-10-06-framework-swap-return-data/program.c:3399:v298	128	static
results/compiler/2026-10-06-framework-swap-return-data/program.c:6220:v359	640	static
results/compiler/2026-10-06-framework-swap-return-data/program.c:4345:v340	640	static
results/compiler/2026-10-06-framework-swap-return-data/program.c:3209:v288	64	static
results/compiler/2026-10-06-framework-swap-return-data/program.c:851:v124	0	static
results/compiler/2026-10-06-framework-swap-return-data/program.c:944:v130	0	static
results/compiler/2026-10-06-framework-swap-return-data/program.c:1030:v147	448	static
results/compiler/2026-10-06-framework-swap-return-data/program.c:572:v117	64	static
results/compiler/2026-10-06-framework-swap-return-data/program.c:937:v127	0	static
results/compiler/2026-10-06-framework-swap-return-data/program.c:3546:v324	1344	static
results/compiler/2026-10-06-framework-swap-return-data/program.c:1093:v152	0	static
results/compiler/2026-10-06-framework-swap-return-data/program.c:1254:v165	128	static
results/compiler/2026-10-06-framework-swap-return-data/program.c:1165:v157	0	static
results/compiler/2026-10-06-framework-swap-return-data/program.c:247:sol_Invoke	960	static
results/compiler/2026-10-06-framework-swap-return-data/program.c:9224:v370	640	static
results/compiler/2026-10-06-framework-swap-return-data/program.c:9318:v374	640	static
results/compiler/2026-10-06-framework-swap-return-data/program.c:9412:v378	640	static
results/compiler/2026-10-06-framework-swap-return-data/program.c:3792:v328	1472	static
results/compiler/2026-10-06-framework-swap-return-data/program.c:2096:v224	1408	static
results/compiler/2026-10-06-framework-swap-return-data/program.c:2580:v251	512	static
results/compiler/2026-10-06-framework-swap-return-data/program.c:10972:v384	640	static
results/compiler/2026-10-06-framework-swap-return-data/program.c:12762:v390	640	static
results/compiler/2026-10-06-framework-swap-return-data/program.c:4179:v336	640	static
results/compiler/2026-10-06-framework-swap-return-data/program.c:210:sol_CloseAccount	0	static
results/compiler/2026-10-06-framework-swap-return-data/program.c:2781:v273	1344	static
results/compiler/2026-10-06-framework-swap-return-data/program.c:199:sol_set_data_len	0	static
