results/compiler/2026-10-06-managed-swap-supported/program.c:36:memcpy	0	static
results/compiler/2026-10-06-managed-swap-supported/program.c:48:memset	0	static
results/compiler/2026-10-06-managed-swap-supported/program.c:12672:entrypoint	960	static
results/compiler/2026-10-06-managed-swap-supported/program.c:4503:go_Process	3968	static
results/compiler/2026-10-06-managed-swap-supported/program.c:3148:v273	64	static
results/compiler/2026-10-06-managed-swap-supported/program.c:3225:v279	128	static
results/compiler/2026-10-06-managed-swap-supported/program.c:6046:v340	640	static
results/compiler/2026-10-06-managed-swap-supported/program.c:4171:v321	640	static
results/compiler/2026-10-06-managed-swap-supported/program.c:3035:v269	64	static
results/compiler/2026-10-06-managed-swap-supported/program.c:819:v119	0	static
results/compiler/2026-10-06-managed-swap-supported/program.c:912:v125	0	static
results/compiler/2026-10-06-managed-swap-supported/program.c:998:v142	448	static
results/compiler/2026-10-06-managed-swap-supported/program.c:540:v112	64	static
results/compiler/2026-10-06-managed-swap-supported/program.c:905:v122	0	static
results/compiler/2026-10-06-managed-swap-supported/program.c:3372:v305	1344	static
results/compiler/2026-10-06-managed-swap-supported/program.c:1061:v147	0	static
results/compiler/2026-10-06-managed-swap-supported/program.c:1222:v160	128	static
results/compiler/2026-10-06-managed-swap-supported/program.c:1133:v152	0	static
results/compiler/2026-10-06-managed-swap-supported/program.c:230:sol_Invoke	960	static
results/compiler/2026-10-06-managed-swap-supported/program.c:9050:v351	640	static
results/compiler/2026-10-06-managed-swap-supported/program.c:9144:v355	640	static
results/compiler/2026-10-06-managed-swap-supported/program.c:9238:v359	640	static
results/compiler/2026-10-06-managed-swap-supported/program.c:3618:v309	1472	static
results/compiler/2026-10-06-managed-swap-supported/program.c:1922:v205	1408	static
results/compiler/2026-10-06-managed-swap-supported/program.c:2406:v232	512	static
results/compiler/2026-10-06-managed-swap-supported/program.c:10798:v365	640	static
results/compiler/2026-10-06-managed-swap-supported/program.c:12588:v371	640	static
results/compiler/2026-10-06-managed-swap-supported/program.c:4005:v317	640	static
results/compiler/2026-10-06-managed-swap-supported/program.c:193:sol_CloseAccount	0	static
results/compiler/2026-10-06-managed-swap-supported/program.c:2607:v254	1344	static
results/compiler/2026-10-06-managed-swap-supported/program.c:182:sol_set_data_len	0	static
