results/compiler/2026-10-06-escrow-decoder32/program.c:36:memcpy	0	static
results/compiler/2026-10-06-escrow-decoder32/program.c:48:memset	0	static
results/compiler/2026-10-06-escrow-decoder32/program.c:5764:entrypoint	2880	static
results/compiler/2026-10-06-escrow-decoder32/program.c:3781:v206	640	static
results/compiler/2026-10-06-escrow-decoder32/program.c:3887:v211	576	static
results/compiler/2026-10-06-escrow-decoder32/program.c:2021:v179	384	static
results/compiler/2026-10-06-escrow-decoder32/program.c:594:v81	0	static
results/compiler/2026-10-06-escrow-decoder32/program.c:644:v92	448	static
results/compiler/2026-10-06-escrow-decoder32/program.c:1691:v161	1408	static
results/compiler/2026-10-06-escrow-decoder32/program.c:707:v97	0	static
results/compiler/2026-10-06-escrow-decoder32/program.c:868:v110	128	static
results/compiler/2026-10-06-escrow-decoder32/program.c:779:v102	0	static
results/compiler/2026-10-06-escrow-decoder32/program.c:235:sol_Invoke	960	static
results/compiler/2026-10-06-escrow-decoder32/program.c:4945:v217	640	static
results/compiler/2026-10-06-escrow-decoder32/program.c:198:sol_CloseAccount	0	static
results/compiler/2026-10-06-escrow-decoder32/program.c:187:sol_set_data_len	0	static
results/compiler/2026-10-06-escrow-decoder32/program.c:5650:v223	640	static
