results/compiler/2026-10-05-framework-swap-current/program.c:36:memcpy	0	static
results/compiler/2026-10-05-framework-swap-current/program.c:48:memset	0	static
results/compiler/2026-10-05-framework-swap-current/program.c:3619:entrypoint	3456	static
results/compiler/2026-10-05-framework-swap-current/program.c:1248:v121	64	static
results/compiler/2026-10-05-framework-swap-current/program.c:1325:v127	128	static
results/compiler/2026-10-05-framework-swap-current/program.c:3536:v176	1024	static
results/compiler/2026-10-05-framework-swap-current/program.c:1718:v157	640	static
results/compiler/2026-10-05-framework-swap-current/program.c:1135:v117	64	static
results/compiler/2026-10-05-framework-swap-current/program.c:721:v74	0	static
results/compiler/2026-10-05-framework-swap-current/program.c:349:v61	64	static
results/compiler/2026-10-05-framework-swap-current/program.c:714:v71	0	static
results/compiler/2026-10-05-framework-swap-current/program.c:1472:v153	1344	static
results/compiler/2026-10-05-framework-swap-current/program.c:870:v96	0	static
results/compiler/2026-10-05-framework-swap-current/program.c:1031:v109	128	static
results/compiler/2026-10-05-framework-swap-current/program.c:942:v101	0	static
results/compiler/2026-10-05-framework-swap-current/program.c:162:sol_Invoke	960	static
