results/compiler/2026-10-06-escrow-return-data-final/program.c:36:memcpy	0	static
results/compiler/2026-10-06-escrow-return-data-final/program.c:48:memset	0	static
results/compiler/2026-10-06-escrow-return-data-final/program.c:5778:entrypoint	2880	static
results/compiler/2026-10-06-escrow-return-data-final/program.c:3795:v206	640	static
results/compiler/2026-10-06-escrow-return-data-final/program.c:3901:v211	576	static
results/compiler/2026-10-06-escrow-return-data-final/program.c:2035:v179	384	static
results/compiler/2026-10-06-escrow-return-data-final/program.c:608:v81	0	static
results/compiler/2026-10-06-escrow-return-data-final/program.c:658:v92	448	static
results/compiler/2026-10-06-escrow-return-data-final/program.c:1705:v161	1408	static
results/compiler/2026-10-06-escrow-return-data-final/program.c:721:v97	0	static
results/compiler/2026-10-06-escrow-return-data-final/program.c:882:v110	128	static
results/compiler/2026-10-06-escrow-return-data-final/program.c:793:v102	0	static
results/compiler/2026-10-06-escrow-return-data-final/program.c:247:sol_Invoke	960	static
results/compiler/2026-10-06-escrow-return-data-final/program.c:4959:v217	640	static
results/compiler/2026-10-06-escrow-return-data-final/program.c:210:sol_CloseAccount	0	static
results/compiler/2026-10-06-escrow-return-data-final/program.c:199:sol_set_data_len	0	static
results/compiler/2026-10-06-escrow-return-data-final/program.c:5664:v223	640	static
